Date,Adj Close,Volume
2017-01-03,53.344383239746094,3038900.0
2017-01-04,53.93040084838867,4047900.0
2017-01-05,54.41060256958008,2857800.0
2017-01-06,54.825721740722656,2994800.0
2017-01-09,54.060630798339844,3184000.0
2017-01-10,53.222293853759766,3492400.0
2017-01-11,53.15717315673828,3809000.0
2017-01-12,53.59669876098633,2992400.0
2017-01-13,53.62110137939453,1888100.0
2017-01-17,54.614097595214844,5136600.0
2017-01-18,55.23267364501953,5127300.0
2017-01-19,54.88064193725586,2767900.0
2017-01-20,55.6256103515625,3940600.0
2017-01-23,55.29817581176758,2872900.0
2017-01-24,55.8793830871582,2786300.0
2017-01-25,56.0185546875,3034800.0
2017-01-26,55.86300277709961,4655900.0
2017-01-27,52.94871139526367,14874900.0
2017-01-30,52.82592010498047,7992400.0
2017-01-31,52.86684036254883,6983200.0
2017-02-01,52.981449127197266,4915800.0
2017-02-02,53.7673454284668,7063600.0
2017-02-03,54.00472640991211,4478200.0
2017-02-06,53.61178207397461,2897500.0
2017-02-07,54.48772048950195,3255600.0
2017-02-08,54.51227951049805,3575100.0
2017-02-09,54.52046203613281,3223700.0
2017-02-10,55.43733215332031,5568100.0
2017-02-13,55.429141998291016,4798200.0
2017-02-14,55.45371627807617,5137800.0
2017-02-15,56.16591262817383,4576200.0
2017-02-16,56.48515701293945,5172700.0
2017-02-17,58.92466735839844,15036900.0
2017-02-21,59.90703582763672,10553800.0
2017-02-22,60.160804748535156,5811800.0
2017-02-23,60.938507080078125,7203800.0
2017-02-24,60.04617691040039,6461600.0
2017-02-27,59.4731559753418,5201400.0
2017-02-28,59.743309020996094,4497900.0
2017-03-01,60.13625717163086,4093000.0
2017-03-02,60.36545181274414,4442400.0
2017-03-03,60.24264907836914,3807700.0
2017-03-06,60.4063835144043,3994700.0
2017-03-07,60.34909439086914,3216200.0
2017-03-08,59.890655517578125,4141700.0
2017-03-09,60.06255340576172,4049600.0
2017-03-10,60.791141510009766,3375600.0
2017-03-13,60.49643325805664,3024500.0
2017-03-14,60.29177474975586,3502300.0
2017-03-15,60.52919387817383,4176100.0
2017-03-16,60.49643325805664,3182200.0
2017-03-17,60.54555130004883,5099000.0
2017-03-20,60.4145622253418,2796100.0
2017-03-21,60.33272933959961,3694700.0
2017-03-22,60.31631851196289,2810900.0
2017-03-23,60.512813568115234,2843700.0
2017-03-24,60.30813980102539,2621900.0
2017-03-27,60.11167526245117,3052400.0
2017-03-28,60.39000701904297,3605200.0
2017-03-29,60.218101501464844,2450200.0
2017-03-30,59.94795608520508,2346000.0
2017-03-31,59.91521453857422,2849500.0
2017-04-03,60.06255340576172,3397000.0
2017-04-04,60.267208099365234,4043800.0
2017-04-05,60.13625717163086,3882300.0
2017-04-06,59.86610412597656,4064700.0
2017-04-07,60.1280517578125,3250900.0
2017-04-10,60.357276916503906,2230900.0
2017-04-11,60.33272933959961,2517900.0
2017-04-12,60.578304290771484,2816600.0
2017-04-13,60.299957275390625,2334200.0
2017-04-17,60.63561248779297,1949500.0
2017-04-18,60.881195068359375,3914500.0
2017-04-19,60.40381622314453,3246100.0
2017-04-20,60.230979919433594,3114700.0
2017-04-21,60.099273681640625,2718200.0
2017-04-24,60.62603759765625,3311300.0
2017-04-25,61.08695602416992,3623100.0
2017-04-26,60.494346618652344,3244900.0
2017-04-27,60.329742431640625,3907000.0
2017-04-28,59.292694091796875,7466000.0
2017-05-01,59.09517288208008,3369900.0
2017-05-02,58.239200592041016,4405700.0
2017-05-03,58.50257110595703,3703900.0
2017-05-04,59.21860885620117,4348300.0
2017-05-05,59.103397369384766,2700400.0
2017-05-08,59.12807846069336,2177600.0
2017-05-09,58.8482551574707,2251200.0
2017-05-10,59.09517288208008,3240200.0
2017-05-11,58.947025299072266,2538000.0
2017-05-12,58.64249801635742,1972800.0
2017-05-15,58.97169494628906,2489600.0
2017-05-16,58.91411209106445,2907500.0
2017-05-17,62.296844482421875,18843900.0
2017-05-18,60.84825897216797,7494600.0
2017-05-19,61.580780029296875,6902700.0
2017-05-22,61.13633346557617,4182700.0
2017-05-23,60.7741813659668,2799700.0
2017-05-24,61.39970397949219,2595700.0
2017-05-25,62.0334358215332,3410500.0
2017-05-26,62.099308013916016,2153800.0
2017-05-30,62.626060485839844,4698400.0
2017-05-31,62.84827423095703,6266700.0
2017-06-01,63.11988067626953,2638400.0
2017-06-02,63.465579986572266,2305000.0
2017-06-05,63.564327239990234,2091500.0
2017-06-06,63.37502670288086,2544500.0
2017-06-07,63.506736755371094,2099500.0
2017-06-08,62.379154205322266,3361600.0
2017-06-09,62.36266326904297,2985600.0
2017-06-12,62.18159866333008,2571700.0
2017-06-13,62.296844482421875,2591000.0
2017-06-14,62.453216552734375,2532800.0
2017-06-15,62.84004211425781,2226500.0
2017-06-16,62.807125091552734,3813700.0
2017-06-19,63.2927360534668,2889900.0
2017-06-20,62.84004211425781,2383200.0
2017-06-21,62.28860092163086,2522800.0
2017-06-22,62.16515350341797,2373500.0
2017-06-23,62.48613739013672,3114300.0
2017-06-26,62.46145248413086,1906700.0
2017-06-27,62.0334358215332,3541100.0
2017-06-28,61.80300521850586,2078600.0
2017-06-29,61.004642486572266,2882800.0
2017-06-30,61.01286697387695,3619100.0
2017-07-03,60.85651397705078,1489900.0
2017-07-05,60.708351135253906,2197400.0
2017-07-06,60.45321273803711,2854000.0
2017-07-07,60.362674713134766,2670400.0
2017-07-10,60.148651123046875,2427900.0
2017-07-11,59.588985443115234,3099000.0
2017-07-12,59.49021911621094,2192100.0
2017-07-13,59.4490852355957,3913500.0
2017-07-14,59.995323181152344,2484100.0
2017-07-17,60.078086853027344,3297000.0
2017-07-18,60.02014923095703,2872600.0
2017-07-19,59.995323181152344,2877400.0
2017-07-20,59.66425704956055,3683600.0
2017-07-21,60.640869140625,7173300.0
2017-07-24,59.46562957763672,4678700.0
2017-07-25,59.63116455078125,3923400.0
2017-07-26,60.417423248291016,6080800.0
2017-07-27,60.37602996826172,4326500.0
2017-07-28,60.03668975830078,3407500.0
2017-07-31,59.75529098510742,3196200.0
2017-08-01,59.34149169921875,3052900.0
2017-08-02,59.27527618408203,3059500.0
2017-08-03,59.258724212646484,2660200.0
2017-08-04,59.15940475463867,2297300.0
2017-08-07,59.374595642089844,2049200.0
2017-08-08,59.34149169921875,1909000.0
2017-08-09,59.23390197753906,2486500.0
2017-08-10,59.217350006103516,2567900.0
2017-08-11,58.97732162475586,2023500.0
2017-08-14,59.13457107543945,3043200.0
2017-08-15,59.42425537109375,2307900.0
2017-08-16,59.531837463378906,2258600.0
2017-08-17,59.01042556762695,3250900.0
2017-08-18,58.7786865234375,3317600.0
2017-08-21,59.26701736450195,2436300.0
2017-08-22,59.29182815551758,2360600.0
2017-08-23,58.94422149658203,2148100.0
2017-08-24,58.580055236816406,3685800.0
2017-08-25,58.88629150390625,2162200.0
2017-08-28,58.67938232421875,3106100.0
2017-08-29,59.01042556762695,2691800.0
2017-08-30,58.72075271606445,2076800.0
2017-08-31,59.29182815551758,2947800.0
2017-09-01,59.01042556762695,2132400.0
2017-09-05,58.85318374633789,2795100.0
2017-09-06,59.16767883300781,3007800.0
2017-09-07,59.22561264038086,2124600.0
2017-09-08,59.44080352783203,2952600.0
2017-09-11,59.606327056884766,2351700.0
2017-09-12,59.54838562011719,1413700.0
2017-09-13,59.30010986328125,1806600.0
2017-09-14,59.705631256103516,2011400.0
2017-09-15,59.821495056152344,4662400.0
2017-09-18,59.91253662109375,1950900.0
2017-09-19,60.26014709472656,2727900.0
2017-09-20,60.04497146606445,2084100.0
2017-09-21,59.068355560302734,2378700.0
2017-09-22,58.919395446777344,2533300.0
2017-09-25,60.417423248291016,7226300.0
2017-09-26,60.74018096923828,3307000.0
2017-09-27,60.48362731933594,4255400.0
2017-09-28,60.54155731201172,2956800.0
2017-09-29,60.29326248168945,2968400.0
2017-10-02,60.37602996826172,2554400.0
2017-10-03,59.95393753051758,2310000.0
2017-10-04,60.318084716796875,2345300.0
2017-10-05,60.59120178222656,3037200.0
2017-10-06,60.185672760009766,1771000.0
2017-10-09,59.88771438598633,1513900.0
2017-10-10,60.334659576416016,2078600.0
2017-10-11,61.849220275878906,6491400.0
2017-10-12,62.20509719848633,3172500.0
2017-10-13,62.892032623291016,3761300.0
2017-10-16,62.693397521972656,2229600.0
2017-10-17,62.03956985473633,3217600.0
2017-10-18,61.60920333862305,2682100.0
2017-10-19,60.53326416015625,4369200.0
2017-10-20,60.18375778198242,4317700.0
2017-10-23,60.0755729675293,4308200.0
2017-10-24,59.7843132019043,4000100.0
2017-10-25,59.43478775024414,3944700.0
2017-10-26,59.260013580322266,4020700.0
2017-10-27,58.58595657348633,8704000.0
2017-10-30,57.58732986450195,4444500.0
2017-10-31,58.62757110595703,4734000.0
2017-11-01,58.71910858154297,3279600.0
2017-11-02,59.035335540771484,4638200.0
2017-11-03,58.37791061401367,2506100.0
2017-11-06,58.46112823486328,3197200.0
2017-11-07,59.002052307128906,3351200.0
2017-11-08,60.97433090209961,5569100.0
2017-11-09,60.674747467041016,4411400.0
2017-11-10,60.92439651489258,2523700.0
2017-11-13,61.33218002319336,2511500.0
2017-11-14,61.1324348449707,2970100.0
2017-11-15,60.3169059753418,3063900.0
2017-11-16,60.44172286987305,3689200.0
2017-11-17,59.8259162902832,4627400.0
2017-11-20,59.9757194519043,2799500.0
2017-11-21,60.100528717041016,2831900.0
2017-11-22,59.70942306518555,2951100.0
2017-11-24,59.92578125,988500.0
2017-11-27,59.917457580566406,3295100.0
2017-11-28,60.5499153137207,2703600.0
2017-11-29,59.92578125,3646400.0
2017-11-30,60.29193878173828,4557500.0
2017-12-01,60.7829475402832,4478100.0
2017-12-04,62.014564514160156,3615800.0
2017-12-05,62.07281494140625,3463200.0
2017-12-06,61.78987503051758,2698300.0
2017-12-07,60.91608428955078,3696200.0
2017-12-08,61.01593780517578,3048000.0
2017-12-11,60.8911247253418,4432500.0
2017-12-12,60.32524490356445,3296600.0
2017-12-13,61.040889739990234,3817700.0
2017-12-14,60.949363708496094,1873600.0
2017-12-15,61.62344741821289,4444600.0
2017-12-18,61.573524475097656,3252200.0
2017-12-19,62.289188385009766,4352200.0
2017-12-20,62.014564514160156,3770400.0
2017-12-21,62.13107681274414,1916600.0
2017-12-22,62.53885269165039,2186200.0
2017-12-26,62.81346130371094,1213900.0
2017-12-27,62.72189712524414,1227600.0
2017-12-28,62.5305290222168,1506100.0
2017-12-29,62.78850555419922,1905200.0
2018-01-02,62.5305290222168,4352500.0
2018-01-03,62.289188385009766,3310000.0
2018-01-04,62.688636779785156,2501700.0
2018-01-05,62.763519287109375,2852800.0
2018-01-08,62.85509490966797,1688600.0
2018-01-09,62.94663619995117,2518300.0
2018-01-10,62.264225006103516,3138300.0
2018-01-11,62.03953552246094,2007400.0
2018-01-12,62.0977783203125,2338200.0
2018-01-16,62.763519287109375,4580500.0
2018-01-17,63.81209182739258,3455200.0
2018-01-18,63.77049255371094,4040100.0
2018-01-19,64.49449157714844,4480600.0
2018-01-22,64.72871398925781,2824700.0
2018-01-23,64.32719421386719,3388900.0
2018-01-24,64.2435531616211,3767900.0
2018-01-25,64.67012786865234,4236300.0
2018-01-26,61.53327941894531,13162400.0
2018-01-29,61.72564697265625,8636800.0
2018-01-30,62.461788177490234,6027700.0
2018-01-31,62.102073669433594,5458900.0
2018-02-01,61.34086608886719,3900300.0
2018-02-02,60.58800506591797,5130500.0
2018-02-05,58.396358489990234,6278000.0
2018-02-06,58.89827346801758,6903800.0
2018-02-07,58.697509765625,4413200.0
2018-02-08,57.676979064941406,4875200.0
2018-02-09,58.35454559326172,6097600.0
2018-02-12,58.714229583740234,3457600.0
2018-02-13,58.8062744140625,3528600.0
2018-02-14,58.237430572509766,3579200.0
2018-02-15,59.57584762573242,3617100.0
2018-02-16,59.776607513427734,4421700.0
2018-02-20,58.58041000366211,3016700.0
2018-02-21,57.83592987060547,2749100.0
2018-02-22,58.0450325012207,3162100.0
2018-02-23,58.8062744140625,2398500.0
2018-02-26,59.45036697387695,2844700.0
2018-02-27,58.48838806152344,3071100.0
2018-02-28,57.69371032714844,3796000.0
2018-03-01,57.60169982910156,4997400.0
2018-03-02,57.94466018676758,3189300.0
2018-03-05,58.613861083984375,3096900.0
2018-03-06,58.25416946411133,2948300.0
2018-03-07,58.287628173828125,3303300.0
2018-03-08,59.408538818359375,4134800.0
2018-03-09,59.59256362915039,2928200.0
2018-03-12,59.458736419677734,2975200.0
2018-03-13,59.2830810546875,4666500.0
2018-03-14,58.54694747924805,4161400.0
2018-03-15,58.1872444152832,3040000.0
2018-03-16,58.237430572509766,7050400.0
2018-03-19,58.605491638183594,3776900.0
2018-03-20,58.295997619628906,2403300.0
2018-03-21,57.45949172973633,4184500.0
2018-03-22,57.5682373046875,4115800.0
2018-03-23,57.20016098022461,3743700.0
2018-03-26,57.04124069213867,3271100.0
2018-03-27,57.95302200317383,3760200.0
2018-03-28,59.224517822265625,4174400.0
2018-03-29,59.96065902709961,4829800.0
2018-04-02,58.6807746887207,4109300.0
2018-04-03,59.349979400634766,3717400.0
2018-04-04,59.935546875,3569200.0
2018-04-05,60.06938934326172,3294400.0
2018-04-06,59.927181243896484,2922600.0
2018-04-09,59.74313735961914,2665100.0
2018-04-10,60.00246047973633,2901800.0
2018-04-11,59.709693908691406,4078500.0
2018-04-12,59.34161376953125,2681900.0
2018-04-13,59.893714904785156,3847900.0
2018-04-16,60.59638214111328,4089800.0
2018-04-17,60.420719146728516,3307300.0
2018-04-18,60.295223236083984,3840600.0
2018-04-19,58.70496368408203,5536900.0
2018-04-20,56.811805725097656,8636900.0
2018-04-23,55.84418869018555,7617300.0
2018-04-24,56.062957763671875,5004600.0
2018-04-25,55.877845764160156,4209700.0
2018-04-26,56.02930450439453,4860500.0
2018-04-27,56.02089309692383,6539200.0
2018-04-30,54.88499069213867,7395300.0
2018-05-01,54.691463470458984,4952300.0
2018-05-02,53.12644577026367,7998900.0
2018-05-03,53.27790451049805,6479800.0
2018-05-04,53.60604476928711,3904400.0
2018-05-07,52.85718536376953,4296300.0
2018-05-08,52.40283203125,5336100.0
2018-05-09,52.09151840209961,5007100.0
2018-05-10,52.57112121582031,4036100.0
2018-05-11,52.76462936401367,4014400.0
2018-05-14,52.20090103149414,5345200.0
2018-05-15,51.87275314331055,6573100.0
2018-05-16,52.242958068847656,3813900.0
2018-05-17,52.411251068115234,4080900.0
2018-05-18,52.35234832763672,5046000.0
2018-05-21,52.377593994140625,4456000.0
2018-05-22,52.51222229003906,4308800.0
2018-05-23,52.77306365966797,3409500.0
2018-05-24,52.57952880859375,3433900.0
2018-05-25,53.639705657958984,5197700.0
2018-05-29,53.479827880859375,5033600.0
2018-05-30,54.17820739746094,4403700.0
2018-05-31,53.084373474121094,4738000.0
2018-06-01,52.7478141784668,3758600.0
2018-06-04,52.76462936401367,3441400.0
2018-06-05,52.411251068115234,3334800.0
2018-06-06,52.646846771240234,3390600.0
2018-06-07,52.80670166015625,5698500.0
2018-06-08,53.29472351074219,4782400.0
2018-06-11,53.639705657958984,3220300.0
2018-06-12,53.62287139892578,3355500.0
2018-06-13,53.05913162231445,4252400.0
2018-06-14,53.26948547363281,4312500.0
2018-06-15,54.464298248291016,9744900.0
2018-06-18,53.26948547363281,7904900.0
2018-06-19,53.85005569458008,4580300.0
2018-06-20,53.76591873168945,4898800.0
2018-06-21,53.42094039916992,3646000.0
2018-06-22,54.38013458251953,4871600.0
2018-06-25,54.78401184082031,4432500.0
2018-06-26,54.80926513671875,3900900.0
2018-06-27,54.44746017456055,4228800.0
2018-06-28,54.632572174072266,2891900.0
2018-06-29,54.53160095214844,4223700.0
2018-07-02,54.33807373046875,3057200.0
2018-07-03,54.41379928588867,2298400.0
2018-07-05,55.499202728271484,3670200.0
2018-07-06,55.3477668762207,3310800.0
2018-07-09,54.691463470458984,4102300.0
2018-07-10,55.305686950683594,2613800.0
2018-07-11,54.89339828491211,2345800.0
2018-07-12,54.83448791503906,2501300.0
2018-07-13,55.32251739501953,2684800.0
2018-07-16,55.21314239501953,2409100.0
2018-07-17,55.518001556396484,3120500.0
2018-07-18,54.882869720458984,3713500.0
2018-07-19,55.67888641357422,4346100.0
2018-07-20,55.8482666015625,3264300.0
2018-07-23,55.75509262084961,5332400.0
2018-07-24,55.27240753173828,5407100.0
2018-07-25,55.8482666015625,3334800.0
2018-07-26,56.686622619628906,5836700.0
2018-07-27,56.44950866699219,5497100.0
2018-07-30,56.28013610839844,4801200.0
2018-07-31,56.74589538574219,4741600.0
2018-08-01,55.958343505859375,4375900.0
2018-08-02,56.9406623840332,3607800.0
2018-08-03,57.16084289550781,4324100.0
2018-08-06,57.05921936035156,2542400.0
2018-08-07,56.93220138549805,2181100.0
2018-08-08,56.39023208618164,1910500.0
2018-08-09,55.83133316040039,2979200.0
2018-08-10,55.407901763916016,2936600.0
2018-08-13,55.50951385498047,2725100.0
2018-08-14,55.484107971191406,2532400.0
2018-08-15,55.74663543701172,4245700.0
2018-08-16,56.50031661987305,3163000.0
2018-08-17,57.16084289550781,3523500.0
2018-08-20,57.29633331298828,2151800.0
2018-08-21,57.07616424560547,2323800.0
2018-08-22,56.72894287109375,2099900.0
2018-08-23,56.373291015625,2460400.0
2018-08-24,56.63580322265625,2046000.0
2018-08-27,56.813629150390625,2078100.0
2018-08-28,56.551116943359375,2012100.0
2018-08-29,56.70354461669922,2322000.0
2018-08-30,56.093841552734375,2754000.0
2018-08-31,56.23779296875,3257200.0
2018-09-04,55.23854064941406,4515900.0
2018-09-05,56.39023208618164,3977800.0
2018-09-06,56.73743438720703,3295100.0
2018-09-07,56.74589538574219,2980200.0
2018-09-10,56.87290954589844,3353200.0
2018-09-11,56.88985061645508,2985000.0
2018-09-12,57.56731033325195,2623100.0
2018-09-13,57.719749450683594,3093200.0
2018-09-14,57.57577896118164,1843300.0
2018-09-17,58.27018356323242,2874500.0
2018-09-18,57.80442810058594,2625300.0
2018-09-19,57.52496337890625,3017100.0
2018-09-20,58.25324249267578,3428700.0
2018-09-21,58.507286071777344,4687500.0
2018-09-24,57.5334358215332,2734100.0
2018-09-25,56.85597610473633,2347700.0
2018-09-26,56.822105407714844,2288700.0
2018-09-27,56.508785247802734,2498600.0
2018-09-28,56.695072174072266,2491400.0
2018-10-01,56.79670715332031,2116300.0
2018-10-02,57.067684173583984,2722600.0
2018-10-03,55.822853088378906,3764500.0
2018-10-04,54.976016998291016,3707900.0
2018-10-05,54.798194885253906,2972200.0
2018-10-08,55.340171813964844,4090800.0
2018-10-09,55.10304260253906,4603300.0
2018-10-10,54.052982330322266,4789000.0
2018-10-11,52.7996826171875,7242600.0
2018-10-12,52.9605712890625,4297100.0
2018-10-15,52.96904373168945,3439100.0
2018-10-16,53.01984786987305,3226000.0
2018-10-17,53.81585693359375,5446700.0
2018-10-18,53.39816665649414,3947300.0
2018-10-19,55.00078582763672,6907700.0
2018-10-22,54.2506217956543,3051800.0
2018-10-23,54.0460319519043,3766000.0
2018-10-24,55.10308074951172,6235600.0
2018-10-25,54.40406799316406,6263100.0
2018-10-26,50.789634704589844,9628700.0
2018-10-29,49.340450286865234,9710000.0
2018-10-30,51.30963134765625,8210200.0
2018-10-31,50.764060974121094,8714200.0
2018-11-01,51.21586608886719,4764100.0
2018-11-02,51.39488220214844,5253500.0
2018-11-05,51.34373474121094,7833700.0
2018-11-06,51.582427978515625,5171700.0
2018-11-07,52.28144073486328,5777500.0
2018-11-08,51.914886474609375,5212800.0
2018-11-09,54.387020111083984,9735400.0
2018-11-12,52.298492431640625,8800800.0
2018-11-13,52.733238220214844,5982000.0
2018-11-14,53.25325393676758,6798800.0
2018-11-15,53.193580627441406,4688600.0
2018-11-16,53.90964126586914,5368300.0
2018-11-19,53.50898742675781,4480900.0
2018-11-20,53.11685562133789,3866400.0
2018-11-21,52.784393310546875,3935300.0
2018-11-23,52.66504669189453,1367700.0
2018-11-26,53.4834098815918,5082200.0
2018-11-27,53.90964126586914,3708900.0
2018-11-28,53.56013488769531,4940700.0
2018-11-29,53.73915481567383,3239700.0
2018-11-30,54.1483268737793,3568700.0
2018-12-03,54.3529167175293,4878600.0
2018-12-04,53.77325439453125,4237100.0
2018-12-06,53.901119232177734,5080700.0
2018-12-07,53.45783615112305,4072700.0
2018-12-10,54.165382385253906,3903500.0
2018-12-11,55.026363372802734,4703200.0
2018-12-12,55.648658752441406,5902200.0
2018-12-13,55.81062698364258,4066900.0
2018-12-14,55.55488586425781,4976000.0
2018-12-17,53.63684844970703,7167600.0
2018-12-18,53.244720458984375,4294400.0
2018-12-19,52.75028991699219,4225400.0
2018-12-20,51.98308181762695,5552000.0
2018-12-21,51.070945739746094,10032400.0
2018-12-24,49.476844787597656,3872300.0
2018-12-26,50.63618469238281,6616200.0
2018-12-27,50.88340759277344,6546100.0
2018-12-28,50.82373046875,5655700.0
2018-12-31,50.738487243652344,4271300.0
2019-01-02,50.50830841064453,4559400.0
2019-01-03,50.26963424682617,4156100.0
2019-01-04,50.738487243652344,7087600.0
2019-01-07,51.04536819458008,4575200.0
2019-01-08,51.61652374267578,5614400.0
2019-01-09,52.255863189697266,6284000.0
2019-01-10,52.69915008544922,3983100.0
2019-01-11,52.93783187866211,2616900.0
2019-01-14,52.520137786865234,3887100.0
2019-01-15,53.040130615234375,2580300.0
2019-01-16,52.96341323852539,3017600.0
2019-01-17,52.85258865356445,3549400.0
2019-01-18,53.38964080810547,5200400.0
2019-01-22,52.98627853393555,5542200.0
2019-01-23,53.50979232788086,4038100.0
2019-01-24,53.38106155395508,6024300.0
2019-01-25,53.072105407714844,8478900.0
2019-01-28,53.84449768066406,5768200.0
2019-01-29,54.65979766845703,4593100.0
2019-01-30,54.8829345703125,6663900.0
2019-01-31,55.509429931640625,6182900.0
2019-02-01,55.82697677612305,5314500.0
2019-02-04,55.94712448120117,3612600.0
2019-02-05,55.5609245300293,4255300.0
2019-02-06,56.06727981567383,3474600.0
2019-02-07,55.82697677612305,3145300.0
2019-02-08,56.37623977661133,3040100.0
2019-02-11,56.46204376220703,4212800.0
2019-02-12,56.65944290161133,4450400.0
2019-02-13,56.590789794921875,3505500.0
2019-02-14,56.17026901245117,2501500.0
2019-02-15,57.05421829223633,5370600.0
2019-02-19,57.260196685791016,4584000.0
2019-02-20,57.079986572265625,3458600.0
2019-02-21,57.24302673339844,3765600.0
2019-02-22,57.41468048095703,4025000.0
2019-02-25,57.08854293823242,2939700.0
2019-02-26,57.06279754638672,2922500.0
2019-02-27,56.53071975708008,3378300.0
2019-02-28,56.53071975708008,4128700.0
2019-03-01,56.64226531982422,2712500.0
2019-03-04,56.66801834106445,3352200.0
2019-03-05,56.4019775390625,3483900.0
2019-03-06,56.30758285522461,2764200.0
2019-03-07,56.075862884521484,4365700.0
2019-03-08,56.084434509277344,2586500.0
2019-03-11,56.51354217529297,2722600.0
2019-03-12,56.41915512084961,2502900.0
2019-03-13,57.08854293823242,3894700.0
2019-03-14,56.856834411621094,3293700.0
2019-03-15,57.6721305847168,6641100.0
2019-03-18,56.89116287231445,2939900.0
2019-03-19,56.42771530151367,4623600.0
2019-03-20,55.87846755981445,3788900.0
2019-03-21,56.496395111083984,2793800.0
2019-03-22,56.64226531982422,2877600.0
2019-03-25,56.86540603637695,2972600.0
2019-03-26,57.43185043334961,2297300.0
2019-03-27,57.509090423583984,2918900.0
2019-03-28,57.81803512573242,2958900.0
2019-03-29,58.822147369384766,4598700.0
2019-04-01,58.61617660522461,4139300.0
2019-04-02,58.67624282836914,3130000.0
2019-04-03,58.204246520996094,3791300.0
2019-04-04,57.97251510620117,2541700.0
2019-04-05,58.29005432128906,1981000.0
2019-04-08,58.375877380371094,1678100.0
2019-04-09,58.453121185302734,2102100.0
2019-04-10,58.453121185302734,2023100.0
2019-04-11,58.435951232910156,2508900.0
2019-04-12,59.019535064697266,3849700.0
2019-04-15,58.96805191040039,2907500.0
2019-04-16,59.251251220703125,3183400.0
2019-04-17,59.31171417236328,2633600.0
2019-04-18,59.890316009521484,3369000.0
2019-04-22,60.10620880126953,3901700.0
2019-04-23,59.59669876098633,3388000.0
2019-04-24,59.46714782714844,3600900.0
2019-04-25,59.320350646972656,3191200.0
2019-04-26,61.57432556152344,5956000.0
2019-04-29,61.64340591430664,3383900.0
2019-04-30,62.86106872558594,4050200.0
2019-05-01,61.5656852722168,3919100.0
2019-05-02,62.023414611816406,2209900.0
2019-05-03,62.135677337646484,2436700.0
2019-05-06,61.9111442565918,2383300.0
2019-05-07,60.89208984375,4125500.0
2019-05-08,61.30663299560547,3273900.0
2019-05-09,61.185707092285156,2415200.0
2019-05-10,61.74703598022461,2341200.0
2019-05-13,61.79888153076172,2601300.0
2019-05-14,61.44478225708008,2855400.0
2019-05-15,61.608863830566406,4454400.0
2019-05-16,62.61063766479492,3581300.0
2019-05-17,62.15294647216797,2764200.0
2019-05-20,61.91976547241211,3149900.0
2019-05-21,61.772953033447266,2538200.0
2019-05-22,61.772953033447266,3862500.0
2019-05-23,61.96291732788086,2855100.0
2019-05-24,61.48796463012695,2267800.0
2019-05-28,60.54664993286133,3327700.0
2019-05-29,60.42573165893555,3580200.0
2019-05-30,61.185707092285156,1834400.0
2019-05-31,60.12348937988281,3031300.0
2019-06-03,61.047542572021484,3652200.0
2019-06-04,61.1597900390625,3757600.0
2019-06-05,62.109764099121094,2675200.0
2019-06-06,63.13743209838867,3866500.0
2019-06-07,63.897396087646484,3453800.0
2019-06-10,63.06835174560547,3191000.0
2019-06-11,63.327430725097656,3184700.0
2019-06-12,63.085628509521484,3230000.0
2019-06-13,62.82655715942383,2944600.0
2019-06-14,63.34469223022461,2591900.0
2019-06-17,63.39651107788086,2702200.0
2019-06-18,62.94743728637695,2677100.0
2019-06-19,63.50011444091797,3096500.0
2019-06-20,63.56060791015625,2754500.0
2019-06-21,62.999244689941406,6209400.0
2019-06-24,63.8801383972168,3508100.0
2019-06-25,63.82831573486328,3178100.0
2019-06-26,62.4810905456543,2831100.0
2019-06-27,62.29975128173828,2470800.0
2019-06-28,61.89384841918945,5443800.0
2019-07-01,62.247928619384766,3161800.0
2019-07-02,62.81790542602539,2298100.0
2019-07-03,63.906036376953125,2291600.0
2019-07-05,63.163352966308594,3771900.0
2019-07-08,63.37058639526367,2989300.0
2019-07-09,63.13743209838867,3885600.0
2019-07-10,63.46558380126953,2392300.0
2019-07-11,63.811031341552734,2878200.0
2019-07-12,64.23419189453125,2937500.0
2019-07-15,63.906036376953125,2487700.0
2019-07-16,64.33782958984375,3485400.0
2019-07-17,64.05987548828125,2775100.0
2019-07-18,64.17279052734375,2412700.0
2019-07-19,63.1478385925293,2417400.0
2019-07-22,62.84382629394531,2945000.0
2019-07-23,62.78303146362305,3986700.0
2019-07-24,61.91442108154297,3246900.0
2019-07-25,62.47901916503906,4383400.0
2019-07-26,64.00775909423828,4036200.0
2019-07-29,65.64073181152344,4635900.0
2019-07-30,64.9197998046875,5020600.0
2019-07-31,62.31397247314453,5187400.0
2019-08-01,61.89704513549805,4618400.0
2019-08-02,61.84492492675781,3813500.0
2019-08-05,59.760276794433594,5215500.0
2019-08-06,60.67229461669922,4868600.0
2019-08-07,61.184783935546875,4222100.0
2019-08-08,62.287906646728516,2712900.0
2019-08-09,62.12286376953125,2993200.0
2019-08-12,61.43669128417969,2457900.0
2019-08-13,62.27056121826172,2513600.0
2019-08-14,61.25426483154297,3990000.0
2019-08-15,61.99259567260742,3698800.0
2019-08-16,62.78303146362305,2549000.0
2019-08-19,63.4779052734375,2139500.0
2019-08-20,63.008846282958984,2463700.0
2019-08-21,63.069664001464844,2527100.0
2019-08-22,63.443172454833984,1526600.0
2019-08-23,62.73960494995117,3910900.0
2019-08-26,63.208641052246094,1770300.0
2019-08-27,63.79061508178711,2582100.0
2019-08-28,64.27703857421875,2050600.0
2019-08-29,64.45072937011719,1819700.0
2019-08-30,64.4073257446289,2899700.0
2019-09-03,64.54629516601562,1963800.0
2019-09-04,65.03272247314453,2422900.0
2019-09-05,64.5289306640625,3430900.0
2019-09-06,64.88505554199219,2333300.0
2019-09-09,63.57345962524414,5153000.0
2019-09-10,62.64404296875,4712900.0
2019-09-11,63.27812194824219,2305700.0
2019-09-12,62.79170608520508,2644200.0
2019-09-13,61.4193000793457,4679600.0
2019-09-16,60.30746078491211,4116900.0
2019-09-17,60.680992126464844,3381800.0
2019-09-18,61.45404815673828,3532800.0
2019-09-19,61.62777328491211,3831300.0
2019-09-20,61.62777328491211,4770000.0
2019-09-23,62.105506896972656,3952000.0
2019-09-24,62.96542739868164,4395800.0
2019-09-25,62.74826431274414,2784500.0
2019-09-26,63.16521072387695,2265200.0
2019-09-27,63.634254455566406,3766200.0
2019-09-30,63.851417541503906,3387800.0
2019-10-01,62.305294036865234,3241800.0
2019-10-02,61.25426483154297,3352600.0
2019-10-03,61.55828857421875,2269700.0
2019-10-04,62.60060119628906,2415100.0
2019-10-07,62.20973587036133,2484400.0
2019-10-08,61.39324951171875,2539200.0
2019-10-09,61.349815368652344,1844200.0
2019-10-10,61.471435546875,2219600.0
2019-10-11,61.24557876586914,2574100.0
2019-10-14,60.29011154174805,2556400.0
2019-10-15,59.41282272338867,4404000.0
2019-10-16,58.93509292602539,4436000.0
2019-10-17,59.13488006591797,3760600.0
2019-10-18,59.091434478759766,4022600.0
2019-10-21,59.325958251953125,2520300.0
2019-10-22,58.617923736572266,3864500.0
2019-10-23,59.03750228881836,4092600.0
2019-10-24,59.736793518066406,4994800.0
2019-10-25,59.7979850769043,3850300.0
2019-10-28,58.87141418457031,4595500.0
2019-10-29,59.36966323852539,3018800.0
2019-10-30,59.94658660888672,2575700.0
2019-10-31,59.964054107666016,4374200.0
2019-11-01,58.3994026184082,6128500.0
2019-11-04,57.175655364990234,6528500.0
2019-11-05,57.656394958496094,5394100.0
2019-11-06,58.145896911621094,4412600.0
2019-11-07,58.45185089111328,4332100.0
2019-11-08,58.2420654296875,3489400.0
2019-11-11,58.163387298583984,2640400.0
2019-11-12,58.25079345703125,3315900.0
2019-11-13,58.46058654785156,3454600.0
2019-11-14,58.25079345703125,2956200.0
2019-11-15,58.01479721069336,5146800.0
2019-11-18,58.679115295410156,4568200.0
2019-11-19,58.705345153808594,3710400.0
2019-11-20,58.74905014038086,3008600.0
2019-11-21,58.34695053100586,3432900.0
2019-11-22,58.311981201171875,2616300.0
2019-11-25,58.548011779785156,3020200.0
2019-11-26,59.256038665771484,3513800.0
2019-11-27,59.15987777709961,2517600.0
2019-11-29,59.28226089477539,1385100.0
2019-12-02,59.063720703125,3487800.0
2019-12-03,58.82771682739258,3677000.0
2019-12-04,59.5095329284668,3279000.0
2019-12-05,59.28226089477539,4056500.0
2019-12-06,59.64936828613281,3504700.0
2019-12-09,59.964054107666016,3610200.0
2019-12-10,59.37839126586914,3820600.0
2019-12-11,58.96757507324219,3229300.0
2019-12-12,58.766536712646484,3658400.0
2019-12-13,60.04273986816406,5179600.0
2019-12-16,60.200077056884766,3371200.0
2019-12-17,59.29972457885742,4647600.0
2019-12-18,59.67559814453125,5846100.0
2019-12-19,59.736793518066406,4266400.0
2019-12-20,60.18258285522461,6008000.0
2019-12-23,60.06895446777344,2776000.0
2019-12-24,59.920372009277344,816700.0
2019-12-26,59.94658660888672,2493600.0
2019-12-27,60.47104263305664,2943700.0
2019-12-30,60.13014221191406,1810700.0
2019-12-31,60.17384719848633,1960200.0
2020-01-02,59.54448699951172,3441800.0
2020-01-03,59.45707321166992,3473800.0
2020-01-06,59.86791229248047,4607500.0
2020-01-07,59.04623794555664,4500000.0
2020-01-08,60.549713134765625,4676100.0
2020-01-09,61.0654411315918,3996100.0
2020-01-10,61.31893539428711,3724000.0
2020-01-13,61.31019973754883,4641300.0
2020-01-14,61.441314697265625,4711900.0
2020-01-15,61.88711166381836,3606200.0
2020-01-16,61.84340286254883,2720300.0
2020-01-17,62.21928405761719,4019700.0
2020-01-21,62.31542205810547,6470400.0
2020-01-22,62.02519607543945,2890800.0
2020-01-23,62.09556198120117,2581600.0
2020-01-24,61.82295227050781,2938300.0
2020-01-27,61.64706802368164,3688100.0
2020-01-28,61.30409622192383,2770600.0
2020-01-29,60.53020095825195,3233400.0
2020-01-30,61.09303665161133,3539300.0
2020-01-31,64.88333129882812,13592300.0
2020-02-03,65.89466094970703,7725400.0
2020-02-04,66.30797576904297,4671800.0
2020-02-05,66.59818267822266,4282900.0
2020-02-06,67.10824584960938,4663900.0
2020-02-07,66.86201477050781,3222700.0
2020-02-10,68.0228271484375,4418400.0
2020-02-11,66.93235778808594,3992600.0
2020-02-12,66.79165649414062,3735400.0
2020-02-13,67.16100311279297,2907800.0
2020-02-14,67.44244384765625,2820400.0
2020-02-18,66.8971939086914,4370500.0
2020-02-19,66.43108367919922,2686700.0
2020-02-20,66.096923828125,3350900.0
2020-02-21,67.07305908203125,5341500.0
2020-02-24,65.44612884521484,5584400.0
2020-02-25,64.90089416503906,5739500.0
2020-02-26,64.12702941894531,4188700.0
2020-02-27,61.69102478027344,6181100.0
2020-02-28,59.42213821411133,11130900.0
2020-03-02,63.70490646362305,7940800.0
2020-03-03,63.124488830566406,7487800.0
2020-03-04,66.28157043457031,7174700.0
2020-03-05,63.616947174072266,5877500.0
2020-03-06,63.76646041870117,6339600.0
2020-03-09,61.550323486328125,7399300.0
2020-03-10,63.1508674621582,7521500.0
2020-03-11,60.591766357421875,6860400.0
2020-03-12,56.18589782714844,9772200.0
2020-03-13,60.76765060424805,11952900.0
2020-03-16,54.822792053222656,8849300.0
2020-03-17,61.7349967956543,9389100.0
2020-03-18,59.527687072753906,9189300.0
2020-03-19,58.61309051513672,8926800.0
2020-03-20,54.59415054321289,9168300.0
2020-03-23,53.178279876708984,8306800.0
2020-03-24,53.80268096923828,9887200.0
2020-03-25,52.6682243347168,10375500.0
2020-03-26,56.124332427978516,9053300.0
2020-03-27,57.39069366455078,6366500.0
2020-03-30,58.551509857177734,4950500.0
2020-03-31,58.3580436706543,5784400.0
2020-04-01,57.645721435546875,4247700.0
2020-04-02,59.949798583984375,5676700.0
2020-04-03,59.46611404418945,4720800.0
2020-04-06,61.998836517333984,5172800.0
2020-04-07,60.71489334106445,5964900.0
2020-04-08,61.752593994140625,4265600.0
2020-04-09,61.47996520996094,3582500.0
2020-04-13,61.110626220703125,3335000.0
2020-04-14,64.2940902709961,4940600.0
2020-04-15,63.88957977294922,3390500.0
2020-04-16,64.05668640136719,3561800.0
2020-04-17,64.9591293334961,3762400.0
2020-04-20,63.8443489074707,3187400.0
2020-04-21,62.47294616699219,3142800.0
2020-04-22,63.00380325317383,3498100.0
2020-04-23,63.021484375,4041800.0
2020-04-24,63.171905517578125,3549700.0
2020-04-27,62.84452819824219,2926700.0
2020-04-28,62.91532516479492,2995700.0
2020-04-29,62.07482147216797,4675700.0
2020-04-30,62.1721305847168,7128300.0
2020-05-01,60.63263702392578,4497000.0
2020-05-04,61.473182678222656,5031500.0
2020-05-05,61.50853729248047,2458000.0
2020-05-06,60.02214431762695,4551400.0
2020-05-07,60.87154006958008,3985800.0
2020-05-08,61.37584686279297,3938600.0
2020-05-11,61.38468551635742,2797200.0
2020-05-12,60.8095817565918,3961400.0
2020-05-13,60.42914581298828,3864200.0
2020-05-14,59.33203887939453,4999800.0
2020-05-15,61.004241943359375,7939700.0
2020-05-18,62.12788772583008,5017700.0
2020-05-19,61.26966857910156,5304100.0
2020-05-20,62.34908676147461,3406100.0
2020-05-21,62.16328430175781,5171900.0
2020-05-22,62.596824645996094,3427400.0
2020-05-26,61.428916931152344,6475600.0
2020-05-27,62.45525360107422,3811400.0
2020-05-28,63.78239440917969,4685600.0
2020-05-29,63.99472427368164,4317000.0
2020-06-01,64.34864044189453,2640600.0
2020-06-02,64.09204864501953,3751300.0
2020-06-03,63.393096923828125,4535700.0
2020-06-04,62.596824645996094,4985800.0
2020-06-05,64.05667877197266,5976200.0
2020-06-08,65.03873443603516,5033300.0
2020-06-09,64.83524322509766,4608100.0
2020-06-10,65.7907943725586,5726600.0
2020-06-11,64.67601013183594,5547300.0
2020-06-12,64.4017105102539,4357600.0
2020-06-15,64.49018859863281,3350500.0
2020-06-16,65.05643463134766,3034200.0
2020-06-17,65.30416870117188,2410500.0
2020-06-18,65.12722778320312,2975800.0
2020-06-19,64.90604400634766,5842700.0
2020-06-22,64.67601013183594,2220400.0
2020-06-23,64.51673126220703,3489000.0
2020-06-24,63.729305267333984,3243000.0
2020-06-25,64.26901245117188,3379900.0
2020-06-26,63.278079986572266,5402400.0
2020-06-29,64.08319091796875,3176600.0
2020-06-30,64.81755828857422,3556100.0
2020-07-01,64.61405944824219,3286300.0
2020-07-02,64.83524322509766,2658600.0
2020-07-06,64.98567199707031,4026300.0
2020-07-07,65.44573211669922,4043800.0
2020-07-08,65.90581512451172,3166900.0
2020-07-09,64.87064361572266,2916700.0
2020-07-10,65.18915557861328,4418600.0
2020-07-13,64.9945297241211,3142900.0
2020-07-14,66.22432708740234,3181600.0
2020-07-15,66.082763671875,3270900.0
2020-07-16,66.33934783935547,2557800.0
2020-07-17,66.92675018310547,2871800.0
2020-07-20,66.03675079345703,2134600.0
2020-07-21,65.89435577392578,2920200.0
2020-07-22,65.98334503173828,4239400.0
2020-07-23,66.06344604492188,3868000.0
2020-07-24,66.1435546875,2630700.0
2020-07-27,66.43724060058594,3182800.0
2020-07-28,67.38063049316406,4035900.0
2020-07-29,67.81671142578125,3186700.0
2020-07-30,68.41300964355469,4858400.0
2020-07-31,68.70670318603516,4346700.0
2020-08-03,68.1460189819336,3127500.0
2020-08-04,68.32402038574219,3410900.0
2020-08-05,67.79891967773438,2730200.0
2020-08-06,67.51412200927734,3156100.0
2020-08-07,67.8523178100586,2968000.0
2020-08-10,68.21721649169922,3407300.0
2020-08-11,67.6031265258789,3398400.0
2020-08-12,68.7423095703125,3844300.0
2020-08-13,68.51092529296875,2964900.0
2020-08-14,68.57318878173828,2538400.0
2020-08-17,68.7155990600586,2762300.0
2020-08-18,69.10719299316406,4286200.0
2020-08-19,69.37419891357422,2470600.0
2020-08-20,69.64117431640625,2009200.0
2020-08-21,70.03279113769531,3405200.0
2020-08-24,70.42437744140625,2796800.0
2020-08-25,69.94377899169922,2374100.0
2020-08-26,69.99717712402344,3476800.0
2020-08-27,70.36206817626953,2208900.0
2020-08-28,70.63797760009766,3039800.0
2020-08-31,70.54006958007812,3272700.0
2020-09-01,69.49877166748047,2968800.0
2020-09-02,70.72695922851562,3405200.0
2020-09-03,69.12498474121094,4486600.0
2020-09-04,68.7155990600586,3643800.0
2020-09-08,67.31832122802734,4816200.0
2020-09-09,69.0359878540039,3128600.0
2020-09-10,68.00361633300781,4165800.0
2020-09-11,68.30620574951172,2736900.0
2020-09-14,68.66220092773438,2529300.0
2020-09-15,68.47531127929688,2093300.0
2020-09-16,68.4486083984375,2498900.0
2020-09-17,68.27062225341797,2525300.0
2020-09-18,67.48745727539062,4563600.0
2020-09-21,66.9178466796875,3004500.0
2020-09-22,67.70101165771484,2852500.0
2020-09-23,66.87335205078125,2962100.0
2020-09-24,67.42513275146484,2385200.0
2020-09-25,67.59422302246094,2803300.0
2020-09-28,68.18161010742188,2586300.0
2020-09-29,67.83451843261719,2076000.0
2020-09-30,68.66220092773438,3962100.0
2020-10-01,68.58208465576172,4048600.0
2020-10-02,68.88471984863281,3540200.0
2020-10-05,69.79248809814453,2768600.0
2020-10-06,69.0093002319336,2640900.0
2020-10-07,69.5344009399414,1928300.0
2020-10-08,70.0772933959961,2144500.0
2020-10-09,70.99397277832031,2870600.0
2020-10-12,71.75935363769531,2691100.0
2020-10-13,71.43006134033203,3042800.0
2020-10-14,71.07405090332031,2200100.0
2020-10-15,70.94055938720703,3375800.0
2020-10-16,71.47455596923828,2963600.0
2020-10-19,70.49556732177734,2854800.0
2020-10-20,71.04737854003906,2960900.0
2020-10-21,71.37664031982422,3591700.0
2020-10-22,70.95606231689453,2516400.0
2020-10-23,71.00080108642578,2259400.0
2020-10-26,70.41911315917969,3886700.0
2020-10-27,70.56229400634766,2828600.0
2020-10-28,68.78146362304688,4767300.0
2020-10-29,68.61144256591797,3939600.0
2020-10-30,70.59809112548828,7362900.0
2020-11-02,71.73461151123047,4217700.0
2020-11-03,74.37454223632812,5327800.0
2020-11-04,75.04573059082031,5653400.0
2020-11-05,74.28506469726562,3914000.0
2020-11-06,74.3029556274414,3481300.0
2020-11-09,73.18433380126953,6633800.0
2020-11-10,74.58932495117188,4494500.0
2020-11-11,76.00325775146484,3896900.0
2020-11-12,75.82425689697266,3705200.0
2020-11-13,76.38806915283203,3742400.0
2020-11-16,76.89813995361328,3701500.0
2020-11-17,76.37910461425781,3406800.0
2020-11-18,75.71688079833984,4168500.0
2020-11-19,76.40594482421875,4400800.0
2020-11-20,76.20909118652344,3719000.0
2020-11-23,75.65425109863281,3046000.0
2020-11-24,75.80638122558594,4223200.0
2020-11-25,75.84217834472656,3135700.0
2020-11-27,75.9764175415039,2188300.0
2020-11-30,76.63863372802734,4355900.0
2020-12-01,77.19346618652344,3372300.0
2020-12-02,76.7281265258789,2740100.0
2020-12-03,76.23592376708984,3842100.0
2020-12-04,76.0927505493164,3142600.0
2020-12-07,76.41490936279297,2966800.0
2020-12-08,76.21802520751953,2664500.0
2020-12-09,75.84217834472656,2582900.0
2020-12-10,75.698974609375,2856500.0
2020-12-11,75.779541015625,2610200.0
2020-12-14,75.34102630615234,2684400.0
2020-12-15,75.84217834472656,2555800.0
2020-12-16,76.10169982910156,2862000.0
2020-12-17,76.6565170288086,3086500.0
2020-12-18,76.89813995361328,6089800.0
2020-12-21,76.34329986572266,2757900.0
2020-12-22,75.52896881103516,2341500.0
2020-12-23,75.5558090209961,2690400.0
2020-12-24,76.10169982910156,733200.0
2020-12-28,76.43280029296875,1225800.0
2020-12-29,76.0927505493164,2390900.0
2020-12-30,75.82425689697266,2158000.0
2020-12-31,76.52228546142578,1893100.0
2021-01-04,75.46632385253906,3506000.0
2021-01-05,75.63633728027344,2559300.0
2021-01-06,73.60494995117188,9053900.0
2021-01-07,73.20223236083984,5061000.0
2021-01-08,73.69441986083984,5569300.0
2021-01-11,73.50650787353516,4430800.0
2021-01-12,73.61388397216797,4359800.0
2021-01-13,73.81970977783203,4069400.0
2021-01-14,73.3275146484375,3732500.0
2021-01-15,73.27381134033203,6359600.0
2021-01-19,72.35208129882812,4004300.0
2021-01-20,71.7704086303711,6897200.0
2021-01-21,70.94711303710938,5772000.0
2021-01-22,70.3621826171875,4816300.0
2021-01-25,70.74012756347656,7750400.0
2021-01-26,70.8661117553711,5788400.0
2021-01-27,70.21820831298828,6289700.0
2021-01-28,71.22606658935547,8037900.0
2021-01-29,70.1911849975586,7405100.0
2021-02-01,70.65913391113281,6514500.0
2021-02-02,70.95610046386719,5018800.0
2021-02-03,70.98309326171875,3863600.0
2021-02-04,71.02809143066406,3869600.0
2021-02-05,71.87399291992188,3579200.0
2021-02-08,71.72101593017578,3828700.0
2021-02-09,70.82112121582031,3682200.0
2021-02-10,71.19009399414062,4882700.0
2021-02-11,70.56016540527344,3106000.0
2021-02-12,70.57816314697266,2732400.0
2021-02-16,70.3621826171875,5147600.0
2021-02-17,70.587158203125,3145000.0
2021-02-18,70.83911895751953,2565600.0
2021-02-19,69.47127532958984,4540200.0
2021-02-22,69.53429412841797,2573400.0
2021-02-23,69.73226165771484,4131400.0
2021-02-24,68.96734619140625,4083400.0
2021-02-25,69.01234436035156,4178100.0
2021-02-26,67.67152404785156,5421200.0
2021-03-01,68.031494140625,3872400.0
2021-03-02,67.8695068359375,4977000.0
2021-03-03,67.14057922363281,5705600.0
2021-03-04,66.98761749267578,6337500.0
2021-03-05,68.44542694091797,10241200.0
2021-03-08,68.79637908935547,4676200.0
2021-03-09,67.43756103515625,7085400.0
2021-03-10,68.21146392822266,7028500.0
2021-03-11,67.7344970703125,4842600.0
2021-03-12,67.95048522949219,3141700.0
2021-03-15,68.10345458984375,4860300.0
2021-03-16,68.26544189453125,4268600.0
2021-03-17,68.21146392822266,3914900.0
2021-03-18,68.45441436767578,3366700.0
2021-03-19,67.47354125976562,11878800.0
2021-03-22,68.18445587158203,8160500.0
2021-03-23,69.96623992919922,6060800.0
2021-03-24,69.9842300415039,4255400.0
2021-03-25,70.09221649169922,4769500.0
2021-03-26,71.28907775878906,4170300.0
2021-03-29,71.9009780883789,3811800.0
2021-03-30,71.38804626464844,4841700.0
2021-03-31,70.9381103515625,4493200.0
2021-04-01,70.68614959716797,4881300.0
2021-04-05,71.56803894042969,4026900.0
2021-04-06,71.86500549316406,3814800.0
2021-04-07,71.64903259277344,5027800.0
2021-04-08,71.66702270507812,3773000.0
2021-04-09,71.79299926757812,3509000.0
2021-04-12,72.13496398925781,3510400.0
2021-04-13,71.74800872802734,4442500.0
2021-04-14,71.4510498046875,4129600.0
2021-04-15,72.40491485595703,4010400.0
2021-04-16,72.62090301513672,8134800.0
2021-04-19,72.32392883300781,4021200.0
2021-04-20,73.59992980957031,4307300.0
2021-04-21,73.4370346069336,3755200.0
2021-04-22,73.34654998779297,4036400.0
2021-04-23,72.20629119873047,3908400.0
2021-04-26,71.7447738647461,3920000.0
2021-04-27,71.09319305419922,4148900.0
2021-04-28,71.28324127197266,3353300.0
2021-04-29,72.23344421386719,4828400.0
2021-04-30,73.02978515625,7252300.0
2021-05-03,73.3646469116211,3709100.0
2021-05-04,73.38272857666016,4129500.0
2021-05-05,73.59088134765625,3093300.0
2021-05-06,74.48677825927734,3850100.0
2021-05-07,74.3691177368164,2263700.0
2021-05-10,75.41889190673828,4206000.0
2021-05-11,74.60441589355469,5119300.0
2021-05-12,74.25148010253906,4075100.0
2021-05-13,75.34648895263672,4300200.0
2021-05-14,75.61796569824219,4146500.0
2021-05-17,75.60891723632812,3522100.0
2021-05-18,75.21073913574219,3024200.0
2021-05-19,75.30122375488281,4078400.0
2021-05-20,76.09759521484375,3966900.0
2021-05-21,76.22428894042969,3497900.0
2021-05-24,76.37813568115234,3196200.0
2021-05-25,76.55007934570312,3472800.0
2021-05-26,76.40528106689453,2601700.0
2021-05-27,75.73558807373047,4686300.0
2021-05-28,75.81706237792969,3971700.0
2021-06-01,74.640625,5587000.0
2021-06-02,75.00257110595703,3749600.0
2021-06-03,75.97087860107422,3967000.0
2021-06-04,75.98899841308594,3660200.0
2021-06-07,75.92564392089844,3211600.0
2021-06-08,75.0478515625,3233100.0
2021-06-09,74.71300506591797,6530200.0
2021-06-10,75.65415954589844,4075900.0
2021-06-11,75.6812973022461,2560000.0
2021-06-14,75.48222351074219,2345200.0
2021-06-15,75.35552215576172,3220700.0
2021-06-16,74.1609878540039,3615200.0
2021-06-17,74.5953598022461,3253100.0
2021-06-18,73.31938934326172,7471300.0
2021-06-21,73.69947814941406,4226700.0
2021-06-22,73.563720703125,3159900.0
2021-06-23,72.62257385253906,3673800.0
2021-06-24,72.90311431884766,3449800.0
2021-06-25,73.7175521850586,9475300.0
2021-06-28,73.95284271240234,2735300.0
2021-06-29,73.52752685546875,3056700.0
2021-06-30,73.6180191040039,4687700.0
2021-07-01,73.970947265625,3596100.0
2021-07-02,73.93473815917969,2752200.0
2021-07-06,74.17909240722656,3221000.0
2021-07-07,74.80350494384766,3220200.0
2021-07-08,74.513916015625,3514800.0
2021-07-09,74.5953598022461,2801600.0
2021-07-12,75.0478515625,4482600.0
2021-07-13,74.785400390625,2733700.0
2021-07-14,75.31934356689453,2959200.0
2021-07-15,75.6812973022461,4200800.0
2021-07-16,76.36907958984375,6527500.0
2021-07-19,75.98899841308594,4960200.0
2021-07-20,75.23384094238281,4884100.0
2021-07-21,74.76982116699219,3579600.0
2021-07-22,74.46047973632812,3659900.0
2021-07-23,75.77064514160156,3107500.0
2021-07-26,76.50760650634766,5947500.0
2021-07-27,76.38021850585938,4136700.0
2021-07-28,75.67965698242188,3110700.0
2021-07-29,75.989013671875,3974400.0
2021-07-30,72.33148193359375,9513700.0
2021-08-02,72.36788177490234,5339300.0
2021-08-03,72.25870513916016,3635700.0
2021-08-04,71.19420623779297,4194400.0
2021-08-05,71.78558349609375,4135100.0
2021-08-06,71.5399398803711,2877400.0
2021-08-09,71.27607727050781,2563700.0
2021-08-10,71.63089752197266,2740600.0
2021-08-11,71.9675521850586,4239100.0
2021-08-12,71.68550872802734,3595500.0
2021-08-13,72.27689361572266,3521600.0
2021-08-16,72.58623504638672,6098900.0
2021-08-17,72.8136978149414,3356600.0
2021-08-18,71.11231994628906,3654100.0
2021-08-19,71.84927368164062,3527800.0
2021-08-20,71.69461059570312,3026100.0
2021-08-23,71.31248474121094,3163400.0
2021-08-24,70.6664810180664,2923000.0
2021-08-25,70.64830017089844,3636600.0
2021-08-26,70.33895111083984,2317300.0
2021-08-27,70.45722198486328,2294200.0
2021-08-30,70.64830017089844,1960800.0
2021-08-31,70.9212417602539,3786900.0
2021-09-01,71.2669677734375,2658000.0
2021-09-02,71.43984985351562,2549700.0
2021-09-03,70.88485717773438,3030200.0
2021-09-07,69.9659194946289,3246400.0
2021-09-08,70.7665786743164,3863900.0
2021-09-09,70.3298568725586,3956900.0
2021-09-10,70.09329986572266,3360100.0
2021-09-13,70.40262603759766,3371400.0
2021-09-14,70.3298568725586,2950600.0
2021-09-15,70.24797821044922,3662100.0
2021-09-16,69.57470703125,4170600.0
2021-09-17,69.3563461303711,7334200.0
2021-09-20,69.30175018310547,4942500.0
2021-09-21,69.50192260742188,4247500.0
2021-09-22,69.53829956054688,2811500.0
2021-09-23,69.75666046142578,2393100.0
2021-09-24,69.72025299072266,2214000.0
2021-09-27,69.15619659423828,2899700.0
2021-09-28,68.9832992553711,4949500.0
2021-09-29,70.12969207763672,4094300.0
2021-09-30,68.76494598388672,4178800.0
2021-10-01,68.76494598388672,3473400.0
2021-10-04,68.29183959960938,3943600.0
2021-10-05,67.70954895019531,4915400.0
2021-10-06,68.32821655273438,4052700.0
2021-10-07,68.77404022216797,3642200.0
2021-10-08,68.77404022216797,3327900.0
2021-10-11,68.96512603759766,3742400.0
2021-10-12,68.8468246459961,2788900.0
2021-10-13,69.21076965332031,3684000.0
2021-10-14,69.69297790527344,3739000.0
2021-10-15,69.37454223632812,4076000.0
2021-10-18,68.49200439453125,4331000.0
2021-10-19,68.03709411621094,5206800.0
2021-10-20,68.74190521240234,5317600.0
2021-10-21,68.54967498779297,4370500.0
2021-10-22,69.10802459716797,7665400.0
2021-10-25,68.77849578857422,6205900.0
2021-10-26,69.71215057373047,5400200.0
2021-10-27,69.47415161132812,4583100.0
2021-10-28,70.3711929321289,4849900.0
2021-10-29,69.73961639404297,6683300.0
2021-11-01,69.5199203491211,4008000.0
2021-11-02,69.81282043457031,4132200.0
2021-11-03,70.72816467285156,3916000.0
2021-11-04,70.7464828491211,3407000.0
2021-11-05,71.24994659423828,3560300.0
2021-11-08,71.15836334228516,3335900.0
2021-11-09,71.44215393066406,3854900.0
2021-11-10,71.83573150634766,3263500.0
2021-11-11,71.38721466064453,2788500.0
2021-11-12,71.42382049560547,3057200.0
2021-11-15,71.67098236083984,3263900.0
2021-11-16,71.28652954101562,3140500.0
2021-11-17,71.01192474365234,3144600.0
2021-11-18,69.92268371582031,3416600.0
2021-11-19,70.66409301757812,3978200.0
2021-11-22,70.99361419677734,3601000.0
2021-11-23,71.3322982788086,2941800.0
2021-11-24,71.17669677734375,2350400.0
2021-11-26,70.53594207763672,2439900.0
2021-11-29,71.13092803955078,3923000.0
2021-11-30,68.66865539550781,8702400.0
2021-12-01,69.00733947753906,3716700.0
2021-12-02,69.08971405029297,4665300.0
2021-12-03,70.27050018310547,5206200.0
2021-12-06,71.92727661132812,6525000.0
2021-12-07,71.22245025634766,3952500.0
2021-12-08,71.17669677734375,4311200.0
2021-12-09,71.3963851928711,2928500.0
2021-12-10,72.74191284179688,4294500.0
2021-12-13,74.2705307006836,5950900.0
2021-12-14,75.1767349243164,7682500.0
2021-12-15,75.75337219238281,6124500.0
2021-12-16,76.84263610839844,5237600.0
2021-12-17,75.49707794189453,10299800.0
2021-12-20,75.53369903564453,5162300.0
2021-12-21,75.14010620117188,4630800.0
2021-12-22,75.47877502441406,3373000.0
2021-12-23,75.78085327148438,3936400.0
2021-12-27,76.8060302734375,3189600.0
2021-12-28,77.30945587158203,2201000.0
2021-12-29,77.72135925292969,2628900.0
2021-12-30,77.4284439086914,2772000.0
2021-12-31,78.11493682861328,2940200.0
2022-01-03,77.4284439086914,5327000.0
2022-01-04,77.68475341796875,4405100.0
2022-01-05,78.00511932373047,4445900.0
2022-01-06,77.4925308227539,4154800.0
2022-01-07,77.29114532470703,2818200.0
2022-01-10,76.62296295166016,4138000.0
2022-01-11,76.128662109375,3562400.0
2022-01-12,75.85408020019531,5112700.0
2022-01-13,75.55199432373047,6698400.0
2022-01-14,76.38496398925781,4431900.0
2022-01-18,76.08289337158203,6746200.0
2022-01-19,76.94332885742188,5614600.0
2022-01-20,76.238525390625,6377000.0
2022-01-21,77.00236511230469,5690900.0
2022-01-24,77.00236511230469,7339800.0
2022-01-25,75.22615814208984,7643300.0
2022-01-26,74.90406036376953,7455000.0
2022-01-27,76.10965728759766,6242100.0
2022-01-28,76.43177795410156,5987300.0
2022-01-31,75.87959289550781,6372200.0
2022-02-01,75.3918228149414,5174700.0
2022-02-02,76.20169067382812,6814700.0
2022-02-03,76.13727569580078,4292100.0
2022-02-04,74.65557098388672,5173100.0
2022-02-07,74.65557098388672,3502800.0
2022-02-08,74.47151184082031,4014100.0
2022-02-09,74.42549896240234,3757200.0
2022-02-10,73.36714935302734,3728300.0
2022-02-11,73.1922836303711,5658400.0
2022-02-14,72.94380950927734,5624200.0
2022-02-15,72.31800079345703,4422000.0
2022-02-16,72.09711456298828,3825700.0
2022-02-17,72.84256744384766,3840700.0
2022-02-18,73.210693359375,3351800.0
2022-02-22,72.56646728515625,4752300.0
2022-02-23,72.37321472167969,3703600.0
2022-02-24,69.55705261230469,7890900.0
2022-02-25,71.91305541992188,5249900.0
2022-02-28,70.81787872314453,4801100.0
2022-03-01,69.98040008544922,3966500.0
2022-03-02,70.58779907226562,3952800.0
2022-03-03,71.23201751708984,3884400.0
2022-03-04,71.1952133178711,3670900.0
2022-03-07,70.56940460205078,4298600.0
2022-03-08,68.90363311767578,5263700.0
2022-03-09,69.52025604248047,7013200.0
2022-03-10,67.95570373535156,6384200.0
2022-03-11,67.89128875732422,4278900.0
2022-03-14,68.066162109375,4080800.0
2022-03-15,69.4742431640625,4319400.0
2022-03-16,69.16133880615234,4519900.0
2022-03-17,69.14290618896484,4187800.0
2022-03-18,66.4464111328125,14746300.0
2022-03-21,68.24102020263672,10092700.0
2022-03-22,68.56311798095703,4958700.0
2022-03-23,67.76244354248047,3875900.0
2022-03-24,67.78087615966797,3539500.0
2022-03-25,68.82081604003906,4401000.0
2022-03-28,69.3822021484375,3646200.0
2022-03-29,70.12763214111328,4651500.0
2022-03-30,70.27490234375,4191400.0
2022-03-31,69.7871322631836,7711400.0
2022-04-01,70.33009338378906,6464700.0
2022-04-04,70.48658752441406,4791900.0
2022-04-05,71.27803802490234,4398500.0
2022-04-06,72.5296630859375,9991400.0
2022-04-07,74.01136779785156,8557200.0
2022-04-08,73.85491180419922,6428000.0
2022-04-11,74.02977752685547,9495700.0
2022-04-12,74.5451431274414,6488300.0
2022-04-13,74.53595733642578,4481200.0
2022-04-14,74.48992919921875,7663700.0
2022-04-18,73.63402557373047,5230900.0
2022-04-19,74.18621826171875,4644600.0
2022-04-20,75.47296905517578,8789900.0
2022-04-21,76.0006103515625,4661100.0
2022-04-22,75.07489776611328,6136800.0
2022-04-25,75.73214721679688,5778300.0
2022-04-26,74.53799438476562,4716400.0
2022-04-27,74.69535827636719,4415500.0
2022-04-28,75.18597412109375,5400200.0
2022-04-29,71.32579040527344,14943400.0
2022-05-02,69.59471130371094,7133000.0
2022-05-03,68.95597839355469,6073200.0
2022-05-04,71.27949523925781,8806000.0
2022-05-05,70.43708801269531,5056300.0
2022-05-06,71.1313705444336,5379600.0
2022-05-09,71.89971923828125,5666800.0
2022-05-10,70.97401428222656,6030700.0
2022-05-11,71.0480728149414,5555500.0
2022-05-12,71.78865051269531,5244700.0
2022-05-13,72.57550048828125,5068600.0
2022-05-16,72.88097381591797,3981100.0
2022-05-17,72.91798400878906,4017100.0
2022-05-18,70.08533477783203,4590300.0
2022-05-19,69.53917694091797,5477100.0
2022-05-20,69.54841613769531,6937200.0
2022-05-23,70.83513641357422,3754700.0
2022-05-24,72.3162841796875,3539700.0
2022-05-25,71.73309326171875,3733900.0
2022-05-26,72.35333251953125,4139100.0
2022-05-27,73.0013198852539,2742300.0
2022-05-31,72.95502471923828,5916500.0
2022-06-01,72.39034271240234,3963400.0
2022-06-02,73.38085174560547,3588900.0
2022-06-03,73.06610870361328,3150100.0
2022-06-06,72.92725372314453,2715500.0
2022-06-07,72.8624496459961,6609400.0
2022-06-08,72.0848617553711,3131300.0
2022-06-09,71.14063262939453,6327300.0
2022-06-10,70.93697357177734,4294600.0
2022-06-13,70.52967834472656,4490600.0
2022-06-14,68.75230407714844,3960400.0
2022-06-15,68.65049743652344,6023400.0
2022-06-16,68.42832946777344,5342900.0
2022-06-17,68.53941345214844,11016400.0
2022-06-21,70.77961730957031,4456700.0
2022-06-22,72.12190246582031,4653700.0
2022-06-23,73.01982116699219,3932400.0
2022-06-24,74.40839385986328,5193400.0
2022-06-27,73.94554138183594,4564600.0
2022-06-28,73.01982116699219,3193800.0
2022-06-29,73.7511215209961,2156900.0
2022-06-30,74.18621826171875,3565600.0
2022-07-01,75.88025665283203,4252900.0
2022-07-05,74.9823226928711,3068500.0
2022-07-06,75.00083923339844,4797900.0
2022-07-07,73.55673217773438,5148000.0
2022-07-08,72.52919006347656,3668500.0
2022-07-11,72.85318756103516,5459600.0
2022-07-12,72.49217224121094,3074500.0
2022-07-13,72.60326385498047,3343300.0
2022-07-14,72.51994323730469,5753200.0
2022-07-15,72.34406280517578,4830600.0
2022-07-18,71.39058685302734,3526600.0
2022-07-19,71.7701187133789,3712500.0
2022-07-20,70.4196548461914,5405900.0
2022-07-21,70.93190002441406,4054400.0
2022-07-22,72.1519775390625,2537700.0
2022-07-25,72.5058822631836,2427800.0
2022-07-26,73.13919830322266,2572400.0
2022-07-27,73.35342407226562,2421400.0
2022-07-28,73.75391387939453,5078100.0
2022-07-29,73.33480834960938,5749800.0
2022-08-01,75.53278350830078,6899200.0
2022-08-02,74.75045013427734,20428800.0
2022-08-03,75.84012603759766,3587300.0
2022-08-04,75.33719635009766,2787900.0
2022-08-05,74.90877532958984,2408200.0
2022-08-08,75.2626953125,5039700.0
2022-08-09,74.56419372558594,3254200.0
2022-08-10,74.82494354248047,3480300.0
2022-08-11,74.04261779785156,4932800.0
2022-08-12,74.77838134765625,3277500.0
2022-08-15,75.66317749023438,4257600.0
2022-08-16,76.53865051269531,2905800.0
2022-08-17,76.52933502197266,2128500.0
2022-08-18,77.16265869140625,2634300.0
2022-08-19,77.55382537841797,4663000.0
2022-08-22,76.33375549316406,4144100.0
2022-08-23,75.40240478515625,2567700.0
2022-08-24,75.43965148925781,2390900.0
2022-08-25,75.36514282226562,2660000.0
2022-08-26,73.77252197265625,3407600.0
2022-08-29,74.12643432617188,2273600.0
2022-08-30,73.57695007324219,3095500.0
2022-08-31,72.8411636352539,4054100.0
2022-09-01,74.32202911376953,5924100.0
2022-09-02,72.80392456054688,3111700.0
2022-09-06,72.43138122558594,4137000.0
2022-09-07,73.1578369140625,4264500.0
2022-09-08,72.49658966064453,5775200.0
2022-09-09,72.67353057861328,6405300.0
2022-09-12,72.5524673461914,6390600.0
2022-09-13,70.25201416015625,3988500.0
2022-09-14,70.83877563476562,8077500.0
2022-09-15,70.06575775146484,4982400.0
2022-09-16,70.49417114257812,5304400.0
2022-09-19,70.79220581054688,3646200.0
2022-09-20,70.00055694580078,2738600.0
2022-09-21,69.75840759277344,2884500.0
2022-09-22,70.18681335449219,3452100.0
2022-09-23,70.34514617919922,4471900.0
2022-09-26,69.85153198242188,3797200.0
2022-09-27,67.59765625,5260600.0
2022-09-28,67.9050064086914,6450900.0
2022-09-29,66.84325408935547,4617200.0
2022-09-30,65.4276123046875,7510600.0
2022-10-03,66.22856140136719,3840300.0
2022-10-04,66.90845489501953,4066900.0
2022-10-05,66.22856140136719,3467800.0
2022-10-06,64.78496551513672,3383000.0
2022-10-07,64.25408935546875,4316300.0
2022-10-10,63.77910232543945,4756700.0
2022-10-11,64.30998229980469,3974400.0
2022-10-12,64.36587524414062,2819400.0
2022-10-13,66.13542938232422,4459900.0
2022-10-14,66.43345642089844,4964800.0
2022-10-17,67.1878433227539,4118000.0
2022-10-18,67.914306640625,10417100.0
2022-10-19,66.82463073730469,5301800.0
2022-10-20,65.85901641845703,3436100.0
2022-10-21,67.00275421142578,5947100.0
2022-10-24,67.51837158203125,3500900.0
2022-10-25,68.21212768554688,3983300.0
2022-10-26,68.84025573730469,3624800.0
2022-10-27,68.65274810791016,5128900.0
2022-10-28,69.97461700439453,5613100.0
2022-10-31,69.22461700439453,6690600.0
2022-11-01,69.13086700439453,3716000.0
2022-11-02,68.22150421142578,3991800.0
2022-11-03,67.8652572631836,3001600.0
2022-11-04,68.6152572631836,3947400.0
2022-11-07,68.90587615966797,3052500.0
2022-11-08,69.19649505615234,3291500.0
2022-11-09,68.86835479736328,3368700.0
2022-11-10,70.28398895263672,3828200.0
2022-11-11,69.90898895263672,3160000.0
2022-11-14,69.90898895263672,3243300.0
2022-11-15,70.61209869384766,3495900.0
2022-11-16,71.25899505615234,2799000.0
2022-11-17,70.583984375,4618500.0
2022-11-18,71.68086242675781,4060900.0
2022-11-21,72.11209869384766,4228200.0
2022-11-22,71.59648895263672,4288800.0
2022-11-23,72.1214828491211,3861400.0
2022-11-25,71.97148132324219,1388800.0
2022-11-28,71.60584259033203,2511800.0
2022-11-29,71.22149658203125,2499800.0
2022-11-30,72.6370849609375,5816100.0
2022-12-01,72.89022827148438,3507100.0
2022-12-02,73.28396606445312,2797000.0
2022-12-05,72.29961395263672,3160000.0
2022-12-06,72.38397216796875,3020100.0
2022-12-07,72.7027359008789,4032600.0
2022-12-08,73.25584411621094,2672300.0
2022-12-09,72.91834259033203,2516700.0
2022-12-12,73.69646453857422,4774600.0
2022-12-13,73.82771301269531,3760500.0
2022-12-14,74.38084411621094,3692000.0
2022-12-15,73.01210021972656,4021200.0
2022-12-16,72.89961242675781,9426200.0
2022-12-19,73.10585021972656,3440300.0
2022-12-20,72.83397674560547,2831900.0
2022-12-21,74.05271911621094,3025200.0
2022-12-22,74.32459259033203,2548400.0
2022-12-23,74.48396301269531,1488500.0
2022-12-27,74.94335174560547,3078600.0
2022-12-28,73.8933334350586,1918700.0
2022-12-29,74.40896606445312,1954200.0
2022-12-30,73.86521911621094,2238600.0
2023-01-03,74.18396759033203,2920200.0
2023-01-04,74.66207885742188,3976800.0
2023-01-05,73.63082885742188,2295600.0
2023-01-06,74.9808349609375,2274500.0
2023-01-09,73.80897521972656,2826000.0
2023-01-10,73.41521453857422,3397200.0
2023-01-11,72.30896759033203,9122200.0
2023-01-12,72.03709411621094,6059000.0
2023-01-13,72.98396301269531,3800100.0
2023-01-17,73.34022521972656,5615100.0
2023-01-18,71.54960632324219,3996300.0
2023-01-19,70.49961853027344,4436400.0
2023-01-20,71.16942596435547,11899800.0
2023-01-23,71.22602844238281,2463400.0
2023-01-24,71.64111328125,4219100.0
2023-01-25,71.48074340820312,3142700.0
2023-01-26,71.25432586669922,3744000.0
2023-01-27,67.53736877441406,13482900.0
2023-01-30,68.75434875488281,9191600.0
2023-01-31,70.31092834472656,5890100.0
2023-02-01,70.7448959350586,3722200.0
2023-02-02,69.55622863769531,5024700.0
2023-02-03,70.08452606201172,3861200.0
2023-02-06,69.66943359375,4186900.0
2023-02-07,69.29208374023438,3755100.0
2023-02-08,69.20716857910156,3230100.0
2023-02-09,68.7071762084961,3740400.0
2023-02-10,69.38641357421875,3524300.0
2023-02-13,69.59394836425781,3664300.0
2023-02-14,69.03734588623047,2382500.0
2023-02-15,68.58451080322266,4399200.0
2023-02-16,68.65056610107422,4701800.0
2023-02-17,70.30149841308594,5019100.0
2023-02-21,70.05622863769531,4098100.0
2023-02-22,70.19774627685547,3645600.0
2023-02-23,69.49019622802734,3008600.0
2023-02-24,68.99018096923828,3115000.0
2023-02-27,69.43357849121094,3434600.0
2023-02-28,69.15057373046875,3614300.0
2023-03-01,68.44302368164062,2880800.0
2023-03-02,69.59394836425781,2916000.0
2023-03-03,69.7637710571289,2532600.0
2023-03-06,69.14112854003906,3001600.0
2023-03-07,67.45246124267578,6423000.0
2023-03-08,67.88642120361328,2942800.0
2023-03-09,67.30152130126953,4893200.0
2023-03-10,67.2732162475586,3694600.0
2023-03-13,67.45246124267578,5949900.0
2023-03-14,68.15055847167969,5098000.0
2023-03-15,68.80150604248047,5993500.0
2023-03-16,68.82037353515625,4256400.0
2023-03-17,68.11283111572266,9106100.0
2023-03-20,68.94302368164062,4557500.0
2023-03-21,68.28263854980469,4561200.0
2023-03-22,68.04679107666016,3180800.0
2023-03-23,67.76378631591797,3494500.0
2023-03-24,69.26377868652344,5013500.0
2023-03-27,69.95245361328125,4203900.0
2023-03-28,70.28263854980469,4241900.0
2023-03-29,70.25433349609375,2873200.0
2023-03-30,70.99018096923828,4181600.0
2023-03-31,70.8958511352539,5153600.0
2023-04-03,71.09395599365234,3188700.0
2023-04-04,70.4996109008789,3002600.0
2023-04-05,71.09395599365234,4949500.0
2023-04-06,71.39583587646484,3261800.0
2023-04-10,70.88640594482422,2735100.0
2023-04-11,71.7165756225586,7115700.0
2023-04-12,71.74490356445312,4438400.0
2023-04-13,72.18827819824219,3315000.0
2023-04-14,71.31092071533203,3756800.0
2023-04-17,71.41471099853516,4727500.0
2023-04-18,71.26376342773438,3499300.0
2023-04-19,71.31092071533203,3629700.0
2023-04-20,72.4977035522461,7763200.0
2023-04-21,72.91545104980469,11708600.0
2023-04-24,73.9408187866211,5350900.0
2023-04-25,73.76993560791016,6437500.0
2023-04-26,72.80152130126953,4592000.0
2023-04-27,73.98828887939453,5652600.0
2023-04-28,75.76371002197266,9633400.0
2023-05-01,76.60869598388672,6111100.0
2023-05-02,76.76060485839844,5963300.0
2023-05-03,77.14986419677734,6380000.0
2023-05-04,76.70362854003906,7441500.0
2023-05-05,76.51375579833984,5359300.0
2023-05-08,76.66566467285156,6564700.0
2023-05-09,76.56122589111328,3363500.0
2023-05-10,76.99795532226562,5094400.0
2023-05-11,77.50114440917969,3243300.0
2023-05-12,77.83345031738281,3483800.0
2023-05-15,76.97897338867188,4477100.0
2023-05-16,76.68463897705078,7159500.0
2023-05-17,76.43780517578125,3083000.0
2023-05-18,75.65928649902344,4043700.0
2023-05-19,75.88713836669922,3763300.0
2023-05-22,74.44402313232422,6066200.0
2023-05-23,73.143310546875,5299300.0
2023-05-24,72.61163330078125,7584200.0
2023-05-25,72.39327239990234,6149900.0
2023-05-26,72.35528564453125,5750000.0
2023-05-30,71.1590347290039,4341300.0
2023-05-31,70.61784362792969,19133300.0
2023-06-01,71.1115493774414,4704100.0
2023-06-02,72.2033920288086,4755200.0
2023-06-05,72.39327239990234,4681300.0
2023-06-06,71.74766540527344,5154500.0
2023-06-07,71.3963851928711,3879600.0
2023-06-08,71.8995590209961,3218800.0
2023-06-09,72.00399780273438,3186700.0
2023-06-12,71.89008331298828,3374700.0
2023-06-13,71.43434143066406,4121200.0
2023-06-14,71.6052474975586,2979000.0
2023-06-15,72.91545104980469,3947600.0
2023-06-16,73.84587860107422,7368900.0
2023-06-20,73.69397735595703,5232000.0
2023-06-21,73.69397735595703,3618100.0
2023-06-22,74.05474090576172,3939100.0
2023-06-23,73.20977783203125,10964600.0
2023-06-26,72.7635498046875,4236600.0
2023-06-27,71.8995590209961,7488500.0
2023-06-28,72.07048034667969,5100300.0
2023-06-29,72.68758392333984,4419100.0
2023-06-30,73.143310546875,4781800.0
2023-07-03,73.2382583618164,2092200.0
2023-07-05,72.98191833496094,4796400.0
2023-07-06,73.0198974609375,3287700.0
2023-07-07,71.76664733886719,4420200.0
2023-07-10,72.05148315429688,3724900.0
2023-07-11,71.57677459716797,5199900.0
2023-07-12,71.35840606689453,5291500.0
2023-07-13,72.02299499511719,4346200.0
2023-07-14,72.57365417480469,2978000.0
2023-07-17,71.75714874267578,5938900.0
2023-07-18,72.00399780273438,3916200.0
2023-07-19,72.5546646118164,5717700.0
2023-07-20,73.56741333007812,4345900.0
2023-07-21,73.74895477294922,11117900.0
2023-07-24,74.02601623535156,3494500.0
2023-07-25,74.3699722290039,4787400.0
2023-07-26,74.484619140625,4116700.0
2023-07-27,73.67252349853516,5637200.0
2023-07-28,72.24893188476562,10891400.0
2023-07-31,72.86041259765625,8106100.0
2023-08-01,73.22346496582031,4721400.0
2023-08-02,74.08334350585938,4275700.0
2023-08-03,73.16614532470703,4935300.0
2023-08-04,72.86041259765625,4574900.0
2023-08-07,73.47187805175781,2469400.0
2023-08-08,72.92728424072266,3796200.0
2023-08-09,73.08015441894531,3314900.0
2023-08-10,72.8795166015625,2552400.0
2023-08-11,73.47187805175781,2742300.0
2023-08-14,72.34449005126953,4249000.0
2023-08-15,71.31263732910156,4476300.0
2023-08-16,71.10242462158203,3639900.0
2023-08-17,70.70115661621094,2873100.0
2023-08-18,71.22664642333984,3681500.0
2023-08-21,70.51007080078125,3157300.0
2023-08-22,70.23299407958984,3096500.0
2023-08-23,70.23299407958984,2615300.0
2023-08-24,70.05146026611328,3692900.0
2023-08-25,70.53874206542969,2663300.0
2023-08-28,70.35720825195312,2871100.0
2023-08-29,70.19478607177734,3566500.0
2023-08-30,70.5578384399414,2415500.0
2023-08-31,70.19478607177734,5205300.0
2023-09-01,70.00369262695312,2412800.0
2023-09-05,69.53553771972656,2976200.0
2023-09-06,69.09603881835938,2869100.0
2023-09-07,70.28076934814453,5704300.0
2023-09-08,69.93680572509766,3804500.0
2023-09-11,70.65338897705078,3286600.0
2023-09-12,69.2871322631836,3639400.0
2023-09-13,69.58332061767578,3111800.0
2023-09-14,70.18521881103516,3409500.0
2023-09-15,69.90814971923828,5597100.0
2023-09-18,70.5578384399414,4042700.0
2023-09-19,69.9559326171875,3016000.0
2023-09-20,70.47185516357422,4212100.0
2023-09-21,69.9559326171875,3315200.0
2023-09-22,69.22024536132812,4242600.0
2023-09-25,69.00050354003906,3296400.0
2023-09-26,68.79032135009766,3789400.0
2023-09-27,67.8826675415039,3572800.0
2023-09-28,68.13107299804688,3364000.0
2023-09-29,67.93997955322266,3226300.0
2023-10-02,67.60558319091797,2634400.0
2023-10-03,67.32852172851562,3174300.0
2023-10-04,67.41448974609375,2777200.0
2023-10-05,66.1820068359375,3565300.0
2023-10-06,66.33487701416016,6481000.0
2023-10-09,66.22022247314453,3983500.0
2023-10-10,66.39220428466797,4737800.0
2023-10-11,65.79985046386719,3310200.0
2023-10-12,66.59283447265625,7153500.0
2023-10-13,67.787109375,3898000.0
2023-10-16,68.9336166381836,6437400.0
2023-10-17,68.86676025390625,10084500.0
2023-10-18,69.81260681152344,6058300.0
2023-10-19,69.9272689819336,8005100.0
2023-10-20,70.46583557128906,6560000.0
2023-10-23,69.20596313476562,4517600.0
2023-10-24,70.05228424072266,4163300.0
2023-10-25,70.60047912597656,5355300.0
2023-10-26,70.2831039428711,6871000.0
2023-10-27,69.04247283935547,12666500.0
2023-10-30,71.05248260498047,6534000.0
2023-10-31,72.24503326416016,7591100.0
2023-11-01,72.06230926513672,4757700.0
2023-11-02,71.93726348876953,5624700.0
2023-11-03,71.95650482177734,4362500.0
2023-11-06,72.33158874511719,4288100.0
2023-11-07,72.350830078125,3275000.0
2023-11-08,72.36044311523438,3113100.0
2023-11-09,72.2642593383789,2631900.0
2023-11-10,72.54317474365234,3667800.0
2023-11-13,73.04325866699219,2805500.0
2023-11-14,73.7260971069336,2919900.0
2023-11-15,72.58163452148438,4810900.0
2023-11-16,73.0721206665039,4432800.0
2023-11-17,72.68742370605469,3231700.0
2023-11-20,72.58163452148438,3150200.0
2023-11-21,73.6395492553711,3669500.0
2023-11-22,74.3223648071289,3217300.0
2023-11-24,74.35120391845703,1150400.0
2023-11-27,74.15888214111328,3706600.0
2023-11-28,74.88978576660156,3471200.0
2023-11-29,74.89939880371094,4010200.0
2023-11-30,75.75533294677734,7148500.0
2023-12-01,75.6880111694336,3488400.0
2023-12-04,75.95730590820312,4154400.0
2023-12-05,74.70704650878906,4075300.0
2023-12-06,74.5051040649414,3595400.0
2023-12-07,74.64935302734375,3107200.0
2023-12-08,74.21656799316406,4317800.0
2023-12-11,74.66858673095703,3958200.0
2023-12-12,75.58221435546875,3798500.0
2023-12-13,76.35160827636719,4000100.0
2023-12-14,73.35101318359375,8434000.0
2023-12-15,74.03384399414062,10225600.0
2023-12-18,75.072509765625,4212400.0
2023-12-19,75.13983154296875,3370700.0
2023-12-20,74.38967895507812,5326800.0
2023-12-21,74.9282455444336,5267000.0
2023-12-22,75.49567413330078,4042400.0
2023-12-26,76.01499938964844,3572700.0
2023-12-27,76.07270050048828,3268700.0
2023-12-28,76.20735168457031,2317100.0
2023-12-29,76.65936279296875,2463300.0
2024-01-02,77.63069915771484,6099500.0
2024-01-03,76.83247375488281,4959600.0
2024-01-04,77.2652587890625,4441900.0
2024-01-05,76.91903686523438,2825100.0
2024-01-08,77.32295227050781,3703300.0
2024-01-09,77.72688293457031,3714500.0
2024-01-10,77.46720886230469,4491000.0
2024-01-11,77.47682189941406,5186500.0
2024-01-12,77.81343841552734,5562200.0
2024-01-16,77.35179901123047,4252000.0
2024-01-17,77.86152648925781,5357800.0
2024-01-18,77.73650360107422,4027100.0
2024-01-19,77.7655258178711,5147500.0
2024-01-22,77.8042221069336,6237700.0
2024-01-23,78.76202392578125,7078300.0
2024-01-24,77.47528839111328,5880900.0
2024-01-25,78.57820892333984,7526400.0
2024-01-26,80.13584899902344,8668700.0
2024-01-29,81.22908782958984,6426000.0
2024-01-30,81.49030303955078,5659900.0
2024-01-31,81.46127319335938,6330600.0
2024-02-01,83.3188247680664,6904600.0
2024-02-02,81.86761474609375,6441000.0
2024-02-05,81.35484313964844,6627300.0
2024-02-06,81.0162353515625,6564400.0
2024-02-07,81.13233184814453,5530400.0
2024-02-08,81.51931762695312,4819100.0
2024-02-09,80.74534606933594,4533000.0
2024-02-12,80.84208679199219,4746500.0
2024-02-13,80.7550048828125,4469900.0
2024-02-14,80.9872055053711,6611200.0
2024-02-15,80.85175323486328,5268900.0
2024-02-16,80.76470184326172,4805600.0
2024-02-20,81.85794067382812,5404600.0
2024-02-21,82.53516387939453,3369000.0
2024-02-22,83.20272827148438,4114700.0
2024-02-23,83.444580078125,3161500.0
2024-02-26,83.34784698486328,2831700.0
2024-02-27,83.59939575195312,2638800.0
2024-02-28,83.98638916015625,2936800.0
2024-02-29,83.70581817626953,7900500.0
2024-03-01,83.67678833007812,2402000.0
2024-03-04,84.00572967529297,3968300.0
2024-03-05,83.90897369384766,3719400.0
2024-03-06,84.34434509277344,3522700.0
2024-03-07,85.27311706542969,3215800.0
2024-03-08,85.20539855957031,2929400.0
2024-03-11,85.2634506225586,3423400.0
2024-03-12,85.87295532226562,4251800.0
2024-03-13,86.29864501953125,3193100.0
2024-03-14,85.47628021240234,4895500.0
2024-03-15,85.57302856445312,6631000.0
2024-03-18,85.39888763427734,3430700.0
2024-03-19,85.88262176513672,3265000.0
2024-03-20,85.47628021240234,3366600.0
2024-03-21,85.88262176513672,3416200.0
2024-03-22,86.29864501953125,3563000.0
2024-03-25,85.75685119628906,3178500.0
2024-03-26,86.0083999633789,3287700.0
2024-03-27,87.02424621582031,4078600.0
2024-03-28,87.1209945678711,3459700.0
2024-04-01,86.16319274902344,3070200.0
2024-04-02,86.16319274902344,3307300.0
2024-04-03,85.23442077636719,4429200.0
2024-04-04,84.55718994140625,3155400.0
2024-04-05,85.02157592773438,3479600.0
2024-04-08,84.86678314208984,3086900.0
2024-04-09,84.79906463623047,3176300.0
2024-04-10,83.74449920654297,4750300.0
2024-04-11,83.20272827148438,3908300.0
2024-04-12,83.05760955810547,5907600.0
2024-04-15,83.3671875,4716200.0
2024-04-16,83.3671875,3220400.0
2024-04-17,83.92833709716797,3886200.0
2024-04-18,83.88963317871094,4880800.0
2024-04-19,84.78485870361328,6005100.0
2024-04-22,85.95256805419922,3954100.0
2024-04-23,86.19583892822266,4014800.0
2024-04-24,86.47803497314453,4066500.0
2024-04-25,86.88672637939453,6363600.0
2024-04-26,88.56044006347656,7541500.0
2024-04-29,88.054443359375,4472100.0
2024-04-30,89.44593811035156,5286700.0
2024-05-01,89.42648315429688,5219900.0
2024-05-02,90.4093017578125,9506000.0
2024-05-03,90.3801040649414,5432700.0
2024-05-06,90.67203521728516,3181900.0
2024-05-07,91.54780578613281,4008300.0
2024-05-08,90.95423126220703,7252100.0
2024-05-09,91.54780578613281,4639600.0
2024-05-10,92.54035186767578,3007600.0
2024-05-13,91.91757202148438,3229300.0
2024-05-14,92.02462005615234,3971500.0
2024-05-15,91.98567962646484,2536100.0
2024-05-16,91.98567962646484,3240600.0
2024-05-17,91.5964584350586,4135200.0
2024-05-20,91.84945678710938,3900100.0
2024-05-21,92.60846710205078,4998200.0
2024-05-22,92.20950317382812,3849900.0
2024-05-23,91.20723724365234,3948900.0
2024-05-24,90.78880310058594,2554800.0
2024-05-28,89.46540832519531,4276900.0
2024-05-29,88.83290100097656,3115000.0
2024-05-30,88.48258972167969,3148000.0
2024-05-31,90.45795440673828,6648000.0
2024-06-03,89.98114013671875,3197900.0
2024-06-04,91.28507232666016,3599100.0
2024-06-05,91.13911437988281,2636800.0
2024-06-06,91.45050048828125,4217400.0
2024-06-07,91.36293029785156,2596200.0
2024-06-10,91.3726577758789,2542900.0
2024-06-11,91.4310302734375,3553600.0
2024-06-12,90.72068786621094,3812900.0
2024-06-13,92.20950317382812,4051700.0
2024-06-14,92.07327270507812,2722800.0
2024-06-17,93.36746978759766,3445400.0
2024-06-18,94.3989486694336,3722000.0
2024-06-20,94.3405532836914,4381700.0
2024-06-21,94.65194702148438,6378200.0
2024-06-24,96.32565307617188,4444000.0
2024-06-25,96.04344940185547,6376800.0
2024-06-26,95.58611297607422,3443900.0
2024-06-27,95.52771759033203,3616400.0
2024-06-28,94.42813873291016,11036200.0
2024-07-01,92.96851348876953,4205200.0
2024-07-02,93.53290557861328,4205800.0
2024-07-03,93.30908966064453,2114700.0
2024-07-05,94.43787384033203,2844900.0
2024-07-08,94.95361328125,2857300.0
2024-07-09,94.42813873291016,3390800.0
2024-07-10,94.76872253417969,2740600.0
2024-07-11,95.1287612915039,3719900.0
2024-07-12,95.430419921875,2564800.0
2024-07-15,94.63248443603516,3093600.0
2024-07-16,94.7784423828125,2859800.0
2024-07-17,96.71488189697266,4117500.0
2024-07-18,95.85857391357422,3286400.0
2024-07-19,95.92703247070312,4229200.0
2024-07-22,95.79988861083984,3265100.0
2024-07-23,94.43061828613281,4202100.0
2024-07-24,94.4795150756836,4880300.0
2024-07-25,94.37193298339844,4633900.0
2024-07-26,97.20828247070312,7137400.0
2024-07-29,98.66557312011719,5398100.0
2024-07-30,98.28413391113281,5236100.0
2024-07-31,97.01266479492188,6410200.0
2024-08-01,98.7144775390625,4921300.0
2024-08-02,100.55320739746094,5088900.0
2024-08-05,98.75359344482422,5930000.0
2024-08-06,100.40650177001953,5267200.0
2024-08-07,100.18154907226562,4075800.0
2024-08-08,100.45539855957031,3215400.0
2024-08-09,99.82945251464844,3646700.0
2024-08-12,99.05679321289062,3660100.0
2024-08-13,98.3819351196289,4655900.0
2024-08-14,99.9370346069336,3149400.0
2024-08-15,99.21328735351562,3303400.0
2024-08-16,99.75120544433594,3172700.0
2024-08-19,99.61427307128906,2976500.0
2024-08-20,100.79772186279297,2691700.0
2024-08-21,101.19871520996094,3029300.0
2024-08-22,101.66817474365234,2803500.0
2024-08-23,101.92247772216797,3212500.0
2024-08-26,102.78315734863281,2430100.0
2024-08-27,103.59494018554688,3139400.0
2024-08-28,103.4677963256836,3217000.0
2024-08-29,103.48735809326172,2580800.0
2024-08-30,104.1622085571289,5033800.0
2024-09-03,105.41410827636719,4230000.0
2024-09-04,106.38236999511719,4447000.0
2024-09-05,106.14765167236328,4489800.0
2024-09-06,105.49235534667969,3937400.0
2024-09-09,104.7588119506836,4561500.0
2024-09-10,104.49473571777344,4201100.0
2024-09-11,103.80032348632812,4991500.0
2024-09-12,104.00570678710938,2963100.0
2024-09-13,103.40911865234375,3802300.0
2024-09-16,103.1156997680664,4088700.0
2024-09-17,102.2647933959961,4031900.0
2024-09-18,100.91507720947266,4253500.0
2024-09-19,99.7707748413086,4897900.0
2024-09-20,100.79772186279297,10926700.0
2024-09-23,101.042236328125,3780800.0
2024-09-24,101.51170349121094,2882600.0
2024-09-25,101.47257995605469,3258900.0
2024-09-26,100.79772186279297,3603200.0
2024-09-27,101.38455200195312,4461700.0
2024-09-30,101.53125762939453,4655500.0
2024-10-01,100.083740234375,4076600.0
2024-10-02,99.81966400146484,4272800.0
2024-10-03,97.77555084228516,4695000.0
2024-10-04,96.86595916748047,6029900.0
2024-10-07,96.40628814697266,4829600.0
2024-10-08,98.37216186523438,5095000.0
2024-10-09,98.78292846679688,3542200.0
2024-10-10,97.06156921386719,4406600.0
2024-10-11,97.90269470214844,4858700.0
2024-10-14,98.51886749267578,3180600.0
2024-10-15,99.32086944580078,3844800.0
2024-10-16,98.9687728881836,4188300.0
2024-10-17,98.32325744628906,3377400.0
2024-10-18,98.74591827392578,4502600.0
2024-10-21,97.66468811035156,2456300.0
2024-10-22,97.96939849853516,4018700.0
2024-10-23,97.29117584228516,3949600.0
2024-10-24,98.03820037841797,5259700.0
2024-10-25,93.97866821289062,7978900.0
2024-10-28,94.10645294189453,4570900.0
2024-10-29,93.10386657714844,5415000.0
2024-10-30,93.04488372802734,4551200.0
2024-10-31,92.11109161376953,4989700.0
2024-11-01,91.73757934570312,4859700.0
2024-11-04,92.01280212402344,4113700.0
2024-11-05,92.65170288085938,3302600.0
2024-11-06,88.6806411743164,8777500.0
2024-11-07,89.22124481201172,4533900.0
2024-11-08,90.99053955078125,4568000.0
2024-11-11,90.39095306396484,3539000.0
2024-11-12,89.93879699707031,4927100.0
2024-11-13,89.5161361694336,3456100.0
2024-11-14,89.8896484375,4705400.0
2024-11-15,91.96365356445312,7328900.0
2024-11-18,93.00556182861328,4487700.0
2024-11-19,92.01280212402344,4918100.0
2024-11-20,92.30767822265625,4302400.0
2024-11-21,92.64187622070312,3642800.0
2024-11-22,93.30044555664062,3538900.0
2024-11-25,93.71327209472656,6159200.0
2024-11-26,94.93212127685547,4380600.0
2024-11-27,95.10905456542969,3427500.0
2024-11-29,94.98126220703125,2447100.0
2024-12-02,95.45308685302734,4325300.0
2024-12-03,92.99573516845703,6203500.0
2024-12-04,93.19232177734375,3971800.0
2024-12-05,93.47737884521484,4407100.0
2024-12-06,92.62222290039062,4104800.0
2024-12-09,91.35423278808594,4933600.0
2024-12-10,92.28802490234375,4324900.0
2024-12-11,91.17729949951172,3629400.0
2024-12-12,91.96365356445312,3519600.0
2024-12-13,91.84569549560547,3019600.0
2024-12-16,91.3345718383789,6601500.0
2024-12-17,91.89483642578125,5633400.0
2024-12-18,91.16746520996094,4849200.0
2024-12-19,91.3345718383789,6641100.0
2024-12-20,90.45974731445312,9929700.0
2024-12-23,90.34181213378906,2975100.0
2024-12-24,90.81361389160156,1531600.0
2024-12-26,90.79395294189453,1919500.0
2024-12-27,90.2435073852539,2544100.0
2024-12-30,89.24092102050781,2832100.0
